"minGCV","optimalBandwidth","meanBeta.Intercept","meanBeta.MAX","meanBeta.FIN_SQ_FT","meanBeta.ACRES_POLY","meanBeta.YEAR_BUILT","sterBeta.Intercept","sterBeta.MAX","sterBeta.FIN_SQ_FT","sterBeta.ACRES_POLY","sterBeta.YEAR_BUILT"
0.0495883492112099,4000,8.2997187012362,-0.00469265155754437,0.000282343110783796,0.304179810322325,0.00193807810366115,1.59641889425332,0.000815424581774768,1.93021915728485e-05,0.0484965821863743,0.000870181863471476
0.0495891967961542,4000,8.36289718675109,-0.00461393125221868,0.000281859689230514,0.300835218751424,0.00190248734623343,1.52000895040904,0.000783122353285364,1.79626344072065e-05,0.0552988087041879,0.000834998186467227
0.0495899520430999,4000,8.29027897242648,-0.00467492273330818,0.000280204516831046,0.298987549561218,0.00194391809625957,1.55838855755429,0.00086790818078997,1.96413559643969e-05,0.045628265766863,0.00084966263628955
0.0496018538976093,4000,8.39464442223816,-0.00468101406285733,0.000281600181590801,0.299594332674913,0.00188860695315656,1.63391709279001,0.000801040022989467,1.97058973192981e-05,0.0460562387090126,0.000892651151872029
0.0496032804109405,4000,8.21144325773944,-0.00470491613431123,0.000281307830480619,0.305362138578354,0.00198510462018661,1.4961926567223,0.000921069358729008,1.79594841372422e-05,0.0456587745119164,0.000815687882416566
0.0496112520131287,4000,8.33936979214824,-0.00473239462809703,0.000282111205333615,0.297439499780057,0.00191847839996901,1.59123938051513,0.000906062331846994,1.85162813126207e-05,0.041903191895058,0.000869343506045751
0.0496192445174392,4000,8.35511449778277,-0.00464548591914888,0.000281905074381718,0.298446703330592,0.00191106794483206,1.58741649981334,0.000847284543040856,1.83450272370673e-05,0.0475365177557949,0.000862799528725232
0.0496209635568114,4000,8.28070120085207,-0.00467491726576204,0.00028174581840035,0.296792766062467,0.00194896241686444,1.6692124579151,0.000887713789542602,1.96802365322705e-05,0.0461524085782281,0.000909131084296877
0.0496219510318674,4000,8.33009750970493,-0.00476320866711017,0.000280542313783493,0.305190182716255,0.00192192947914592,1.62113558739367,0.000872772106851981,1.86638188801198e-05,0.0424245421120883,0.000880181053274044
0.0496232536432197,4000,8.41165335859735,-0.00475562482594204,0.000282728199394959,0.296838599894647,0.00188265577780619,1.58896409908613,0.000898006559709745,1.80988826959012e-05,0.0473425121139903,0.000867965512626348
0.0496249529393982,4000,8.41788658208033,-0.0046645879787093,0.000281355092165139,0.30210416887694,0.00187453792263981,1.62377049341856,0.000795573986620118,1.79843191804365e-05,0.0452879389986105,0.000888293316208445
0.0496262291537425,4000,8.33301891257437,-0.0047099370459508,0.000281793636798703,0.300172224960155,0.00191908995918431,1.60484801085269,0.000823362880661859,1.87513497141153e-05,0.0558655478492782,0.000877218377444689
0.0496272735642355,4000,8.30110409850149,-0.00475343917919127,0.00028191258696415,0.29822901897462,0.00193934678085529,1.60991931182167,0.000864313709032714,1.92771743325424e-05,0.048521345259565,0.000880685310838578
0.0496298778117501,4000,8.36804796283893,-0.00478338249600266,0.000281591161686089,0.299305468846524,0.00190236914906528,1.58651117607851,0.000866172300650593,2.00297414364843e-05,0.0393685784808999,0.000865758315614474
0.0496308833213266,4000,8.31481728354901,-0.00469485833003492,0.000280089965472444,0.298460831768059,0.00193190407722487,1.5467818615754,0.000854139669483411,1.72500162194331e-05,0.0465226935033266,0.000844198768146603
0.0496321496724011,4000,8.35850503100687,-0.00463415493081263,0.000279937848394719,0.29813183309158,0.00190819998722296,1.61989545697608,0.00085850794212177,1.89331549440261e-05,0.0471791918556765,0.000883751152968502
0.0496329837739718,4000,8.35744223007982,-0.00467869443428244,0.000281900889027614,0.302267330360082,0.00191126919961437,1.58300109323687,0.000794923050974441,1.97507617616228e-05,0.0405011103224783,0.000861672597188369
0.0496333745447216,4000,8.31681438479342,-0.00476022638275249,0.000280780263178873,0.301886020522895,0.00193572056119358,1.59406104870959,0.00080949239228019,1.84532692462277e-05,0.054056800900425,0.000869381836852826
0.0496343803864836,4000,8.28791201463601,-0.00475807532153758,0.000280433327632707,0.29954407465273,0.00194773762616624,1.6066190607973,0.000825926062050424,2.02430148397886e-05,0.0442365960025102,0.000874505620407652
0.0496346321561357,4000,8.3680136422667,-0.0047024786737844,0.000281433896333158,0.301830306554857,0.00190397988653963,1.64220140433689,0.000913423432142074,1.93569080201217e-05,0.0563277189447905,0.0008923134269738
0.0496363989175908,4000,8.32351901054912,-0.00466090502667508,0.000282278125390948,0.297420147039322,0.00192307460120572,1.56156276055601,0.000900009579383884,1.91174860194963e-05,0.04698265378065,0.000859281118373841
0.0496365228596379,4000,8.29480057862169,-0.00468433520482554,0.000281898141904653,0.304414473629861,0.00193833625898294,1.59063204004277,0.000826340608264346,1.92575597791767e-05,0.0462052172363478,0.000873855613793103
0.0496366377541338,4000,8.32832785571361,-0.00473279319184614,0.000280035024034465,0.309780074418673,0.00192465818843091,1.5461326344617,0.000788156837373538,1.81441450066924e-05,0.0378857802231467,0.000848579644225431
0.0496368613628602,4000,8.33113825402382,-0.00470331518697199,0.000282125549719148,0.298266523006895,0.00192107463729595,1.54721147128805,0.00087938293102143,1.8503533954544e-05,0.0489304533759215,0.000844993556359529
0.0496370478311733,4000,8.35593579700051,-0.00471075201039198,0.000281387776893402,0.293129506724842,0.00191069050660965,1.53589960966391,0.000863676250929965,1.86429612905289e-05,0.0449765698835886,0.000838056235513308
0.0496374183784177,4000,8.27318282874719,-0.00479280842115529,0.000280679350783247,0.298167982515669,0.00196004810553519,1.49288938198006,0.000817811828183238,1.83526556508202e-05,0.0521946200363367,0.000816429184098149
0.0496377525060235,4000,8.27728301881019,-0.00464557077996472,0.000281167039018113,0.295157415952379,0.00194711047414027,1.62391271905355,0.000939547289084782,2.07362427526592e-05,0.0468419738494923,0.000885279836291924
0.049638940856444,4000,8.30542936874875,-0.0046942796406823,0.000280726048851124,0.303534103629529,0.00193643507993196,1.52340488250451,0.000802808482454201,1.74523675148064e-05,0.0530026592415044,0.000837403922711851
0.049645985717906,4000,8.40842685533518,-0.00473521112720031,0.000282327331531788,0.301672510478434,0.00188364000011407,1.5884670270757,0.000856342669165526,1.94553546797011e-05,0.0558092518186966,0.000867065773350563
0.0496487551221174,4000,8.35049176283842,-0.00468333065641255,0.000280242641460982,0.301634611417072,0.00190989576826929,1.60145632445005,0.000925954857534863,1.99340050750223e-05,0.0466599955592306,0.000869492588645822
0.0496494844749984,4000,8.35087539973391,-0.00476229581286211,0.000282214676111914,0.306361021733656,0.00191350577395988,1.61443700212806,0.000867630244303651,2.0164470696955e-05,0.0435523914737982,0.000876873030240541
0.0496507233010348,4000,8.32559446877469,-0.00478275436595876,0.000282784493961511,0.297051909866595,0.00192547120561987,1.5072542273221,0.000851653651063085,1.91378321749744e-05,0.0422205961235107,0.000827212852192275
0.0496517067386858,4000,8.34838020871391,-0.00468977521267809,0.00028245137583133,0.301510877541322,0.00191152038280917,1.61868033144824,0.000881403833461254,1.95777829310237e-05,0.0475738254167715,0.000888332215941447
0.0496529431806472,4000,8.2874000553286,-0.00473977401236872,0.000281948145531057,0.297741722046222,0.00194250382398321,1.58294442588471,0.000910328069953018,2.07616164167073e-05,0.0435213445966067,0.000870493357312905
0.0496539105113307,4000,8.44709476528761,-0.00468739056137794,0.000282560110644751,0.301766535152299,0.00186326807868974,1.61512800561827,0.000815247737870384,1.85305198924669e-05,0.050668676230874,0.000880247221400596
0.0496548007785205,4000,8.34979154289721,-0.00474463014265683,0.000282421924924443,0.299036746051736,0.00191492824188323,1.59345622890052,0.000803300214021464,1.99286054055137e-05,0.0477072279706812,0.000868482213601957
0.049655336591831,4000,8.33430163459622,-0.00482834169399114,0.000281142985908506,0.301197080121649,0.00192554891590433,1.50995679124954,0.000911184371554072,1.8410590489227e-05,0.0504812040304603,0.000828156093134933
0.0496562894041822,4000,8.4704936937333,-0.00475529904200054,0.000282811863514575,0.308077759299292,0.00184983182056687,1.65653268579632,0.000831762177197458,2.09754243899615e-05,0.0541667069024712,0.000904848330360886
0.0496565448076596,4000,8.43758464258267,-0.004776693008509,0.000281437288860153,0.308069886819084,0.00186529542312963,1.5891650602714,0.00079340650643629,1.87846714197079e-05,0.0449776474911623,0.000870909201074569
0.0496573171508265,4000,8.31537662252676,-0.00474049134183456,0.000281570806414025,0.307516065407724,0.001932875874782,1.59543931812911,0.000850694111633144,1.92335052093306e-05,0.0497634182391446,0.000867432189142241
0.0496574880991239,4000,8.32616486576877,-0.00470018685883843,0.000280603492364535,0.301803670189734,0.00192366491017218,1.51594114088221,0.00086858385552309,1.90183029676429e-05,0.040060884883021,0.000831190401455839
0.0496611746719366,4000,8.3003624114494,-0.00478385495336916,0.00028225246478773,0.301267823197499,0.00193884801856595,1.52886708812947,0.000861682216849198,1.967284389583e-05,0.0495615497432237,0.000841834817506122
0.0496621704634982,4000,8.31456410380122,-0.00474746384460244,0.000281007517698134,0.312158222815933,0.00193217714032775,1.5564373941583,0.000958414506583939,1.83049785365495e-05,0.048813987888925,0.000849740500678484
0.0496693583728136,4000,8.32655565416615,-0.00474015096180307,0.00028051661871971,0.303985180775751,0.00192523533642615,1.58602785733953,0.000855472450011386,1.85119518476104e-05,0.035072522618926,0.000865034246230472
0.0496698927966862,4000,8.3333053309602,-0.00472484027460867,0.000281163607351444,0.297677512323204,0.00192183818253279,1.60794037958583,0.000915564490307888,1.87530797669998e-05,0.0418107379875406,0.000875488605494501
0.0496704767367631,4000,8.40489597921737,-0.00469521211877983,0.000282373305073258,0.305267794752779,0.00188461111924298,1.52935540457967,0.000870275349394107,1.87086660928984e-05,0.0517405825223245,0.000836853246144585
0.049673368271849,4000,8.34893832119792,-0.00472043423989241,0.000282304596382307,0.301916792994947,0.00191230926728158,1.60973790936904,0.000853459089965496,1.8023495641226e-05,0.039998301382094,0.000878953531667502
0.0496739053964919,4000,8.40462413964076,-0.00474886354342221,0.000281645874751184,0.303280591987678,0.00188287536641866,1.55881187801644,0.00084131319553347,1.82075492576954e-05,0.0529202165471671,0.000853638902623326
0.049674619699728,4000,8.33906931879699,-0.00472083367292819,0.000280571774564345,0.292365730253518,0.0019218551291641,1.61321625917854,0.000819795429041845,1.82329473099226e-05,0.0431433656944279,0.000875989032833574
0.0496755223549341,4000,8.29722009994508,-0.0046917088048546,0.00028130912697415,0.297563944932283,0.00193706364686417,1.52302298332666,0.000853180984845301,1.86443635626385e-05,0.0400631798087012,0.000838908445821328
0.0496759222944849,4000,8.38541658095135,-0.00467327167342905,0.00028181941339221,0.301187426960137,0.00189097860873366,1.60730306046407,0.000814909700030339,1.85447901738844e-05,0.0474147886413265,0.000878765527103744
0.0496759848047566,4000,8.35929098794304,-0.00474432505947815,0.000281484853135177,0.300490130504836,0.00191116730808903,1.58366136827445,0.000839085683717541,1.95753119080658e-05,0.0564161231389482,0.000864127466914683
0.0496780842909829,4000,8.35352155487402,-0.00469068843412202,0.000282210530312071,0.299802239160199,0.00191179133038715,1.58389529023335,0.000881410085366799,1.95792782355155e-05,0.0473104283219201,0.000864848262696111
0.0496793498472292,4000,8.32505292744728,-0.00474331732825741,0.000282271077833395,0.298963931906116,0.00192550327138392,1.57898172765267,0.000837756479006258,1.98810205858208e-05,0.0572578295125527,0.000863417966464089
0.0496795495402187,4000,8.27987637047449,-0.00472527576232291,0.000280763090077733,0.30105094813006,0.00194860607809094,1.49560825425172,0.000940404703244115,1.80179773072625e-05,0.0437066911470717,0.000818853523526189
0.0496833731861732,4000,8.34713649895684,-0.00475866208264776,0.000282249687533675,0.301548199103915,0.00191057502788888,1.5805503849657,0.00093760095253361,1.95176037015981e-05,0.0487984600574993,0.000867273502696919
0.0496848962170512,4000,8.38370467550212,-0.00470104286737767,0.000281086373382799,0.307193400904703,0.00189173499158977,1.53974419081895,0.000846991219683738,1.78774992329108e-05,0.0495132762135995,0.000847317200867706
0.0496864627768956,4000,8.36227705079559,-0.00472191354530021,0.000280846400823441,0.308755551385928,0.00190557936070296,1.63696514656549,0.000824232587546018,1.89227185367125e-05,0.0471857832286018,0.000893315336471097
0.0496874647358737,4000,8.44950153345999,-0.00475910610334624,0.000282170952220242,0.299811374545411,0.0018605239794728,1.60784475530334,0.000799008524084262,1.94120677120973e-05,0.0478688427161352,0.000881966628186494
0.0496883274183663,4000,8.45109304941911,-0.00474801963590808,0.0002822625571368,0.301751812122714,0.00186116743923647,1.60116583555692,0.000785103382148695,1.82462763649893e-05,0.04025145203791,0.000873915170722334
0.0496889503212446,4000,8.3177210774036,-0.00470608642889238,0.000281664487109547,0.304390183198524,0.00193393509240238,1.58451662622542,0.00084060993422032,1.86279824187869e-05,0.0427098566032691,0.000862537876870018
0.049689207802207,4000,8.38123176094894,-0.00475996644256845,0.000281787556089801,0.300320022411944,0.00189702702449002,1.61094106804456,0.000779317988683629,1.99556360608981e-05,0.0428701633850702,0.000880064132207005
0.0496893482180425,4000,8.36893716654287,-0.00470032973843188,0.000281299177667834,0.301433584240994,0.00190298071534461,1.65307603931453,0.000843671883003685,1.83025475242548e-05,0.0481513235810879,0.000902381537233997
0.0496928914629501,4000,8.33583260970533,-0.00474987499290928,0.000281892325345587,0.306433640555966,0.00192091341811268,1.5676822740076,0.000803228811251421,1.84336748424299e-05,0.038362175892242,0.000855584289936033
0.0496929461978412,4000,8.30851081109115,-0.00469292109185386,0.000280547950132889,0.305845908435426,0.00193684298904765,1.53637703720567,0.000835550387243435,1.7742479818404e-05,0.0500536326191821,0.000839194195211943
0.0496933811575139,4000,8.32561712260358,-0.0046505731259132,0.000281964102173409,0.293953383590174,0.0019251515717582,1.55173805260885,0.000835724267475174,1.94105328705057e-05,0.0468717736489076,0.000850755615501175
0.0496946651209213,4000,8.30288541343748,-0.00472611216519837,0.000280684853948118,0.309788090405064,0.00193928716566868,1.61497992123392,0.000993623467869538,1.88794295251644e-05,0.0539316694111163,0.000875584443388601
0.0496951439924168,4000,8.40495939761232,-0.00468774220536042,0.000280846081644369,0.289102691130306,0.00188601123781999,1.61905625528569,0.000799876836737687,1.95763811935943e-05,0.056803447993777,0.000887533841697306
0.0496969084028655,4000,8.39944074930979,-0.00472911594908507,0.000281250016541039,0.300293155112992,0.00188459332647288,1.56634273426359,0.000781936198646614,1.83303880259837e-05,0.0454850442781067,0.000860553644167926
0.0496970914366001,4000,8.41103190817199,-0.00472642747274841,0.00028225894941198,0.299806832074047,0.00188327974332331,1.6473934963055,0.00080864214211631,1.92614412901249e-05,0.0461771379978329,0.000898306838213137
0.0496976161085528,4000,8.32417213203,-0.004714536113905,0.000280707696055782,0.302380549508726,0.00192636405097095,1.58891574110865,0.000826503678039765,1.891869716159e-05,0.0579606117346424,0.00087250754310777
0.0496980449262254,4000,8.36703744191989,-0.00460308016715402,0.000280329166089272,0.306230869143802,0.00190044086598591,1.58608603927129,0.000866661004161657,1.83945752866384e-05,0.0502133027325012,0.000865776438930198
0.049698208019567,4000,8.39129342938236,-0.00474755281509959,0.000281151126163927,0.305318926616466,0.00189331491763035,1.53567511831065,0.000814526904180396,1.89442753785907e-05,0.0496104170347474,0.000840183794837857
0.0497050901632087,4000,8.35825883978244,-0.00477653684780671,0.000281943194787012,0.304650031761257,0.00190982667881344,1.57940631647098,0.000825980529278377,1.95794691056931e-05,0.0465056126964093,0.000863544300254234
0.0497063183961308,4000,8.39428469241528,-0.00474580651847022,0.000281722350972661,0.300096972571925,0.00189164263507952,1.69849583602579,0.000915570226468374,2.07575054897107e-05,0.0417964410418499,0.000921809671108707
0.049707238995911,4000,8.33942127194928,-0.0047068949053881,0.000281537707311311,0.2976746353099,0.0019181299468261,1.55765332137038,0.00084041657248778,1.81011547319056e-05,0.0574582721413168,0.000848592204451997
0.0497078558292592,4000,8.31412672208837,-0.00473082106905982,0.000282274639419847,0.302214755835579,0.00193232821025744,1.61247173241443,0.000887606382946034,1.98698871701213e-05,0.0428778118344073,0.000878088195552233
0.0497097956104647,4000,8.25381768818107,-0.0047363238540866,0.000281272038444271,0.303607046911682,0.00196077530199216,1.54029394821493,0.000892559136398295,1.8145530363197e-05,0.0551551689805858,0.000845054714413026
0.0497100243162474,4000,8.29382961497115,-0.00468161409836197,0.00028206619774538,0.29815815341882,0.00193686847846357,1.52421574937189,0.000861848871443558,1.9429735571716e-05,0.0484786645128399,0.000836291841164097
0.0497108046159072,4000,8.33171997163618,-0.00469640585499166,0.000282118250039299,0.295702737832322,0.00192321291203969,1.57560259196315,0.000847426349054389,1.85420571317522e-05,0.0418713059265201,0.000863830765234822
0.0497117523296565,4000,8.34680421754772,-0.00470107237176307,0.000282330161477532,0.303636413714835,0.00191327054979274,1.57934141791031,0.000865763625567406,1.93353547859929e-05,0.0400229911531318,0.000862321641503377
0.0497134386215201,4000,8.42325846361,-0.00481084431527032,0.000282370343830736,0.297073888386212,0.00188064613736723,1.647216798874,0.000877371431389868,2.00230971416211e-05,0.0516118058603877,0.000893479130201509
0.0497136650971461,4000,8.26076017297011,-0.00469605652054466,0.000279716379764365,0.301649968858838,0.00196441738615289,1.65427540120034,0.000831062015738648,1.9510462496663e-05,0.0414743044776158,0.000899538771613619
0.0497175431478382,4000,8.32498045917814,-0.00478288672535954,0.000282566534773119,0.296624622414984,0.00192309194653451,1.55927324906172,0.000924687747731459,1.77914866333352e-05,0.0493422587673323,0.000858583207902485
0.0497184977201533,4000,8.30947747351706,-0.00470621794884027,0.00028238951031541,0.300330972401541,0.00193083148226272,1.61080747394957,0.00086989556841738,1.94181952587035e-05,0.0425290704764664,0.000886862202367558
0.049718867885925,4000,8.33220921663254,-0.00470448255081056,0.000281890639802665,0.30992952018737,0.00191848879319482,1.50219293243092,0.000797480189650585,1.77364965607732e-05,0.0427195222523306,0.000826179731204034
0.0497198512600974,4000,8.25964959459702,-0.00470268706709791,0.000280061187327203,0.301888963597866,0.00195729511698312,1.54706689241205,0.000805148999834395,1.83841881448893e-05,0.051645412656744,0.000851910441169425
0.0497206022059736,4000,8.41032101919646,-0.00478740369254319,0.000282380847282815,0.298810696874205,0.00188476694544873,1.57108109838518,0.000919681170257568,1.84664570341717e-05,0.0441939373377333,0.000854996475538757
0.0497207720257762,4000,8.32076991638147,-0.00476992870498459,0.000281339218645708,0.301869993073781,0.00192960047115388,1.60028147770351,0.000872701653258478,1.94909114324521e-05,0.0479102560911423,0.000874296999488386
0.049721709949362,4000,8.31673807586566,-0.00479174557278338,0.000281450865206034,0.302635674616569,0.00193150701108227,1.62395052278687,0.000843842341254384,1.873441221819e-05,0.0448621408005558,0.000887427042625909
0.0497218484560735,4000,8.36680598195384,-0.00469860857583938,0.000280574558621076,0.302243571339262,0.00190564227085017,1.53328256552864,0.000866807153322576,1.81885556934444e-05,0.0503834031901647,0.000838330266322157
0.0497219576943663,4000,8.32147307651575,-0.00468608491081226,0.00028143275328453,0.302624698476589,0.00193052963012014,1.54079904236163,0.000803750636578055,1.91145013336317e-05,0.0600384073971353,0.000843105861355595
0.0497225843423252,4000,8.32766201968461,-0.00477517573416213,0.000282229016694413,0.30132007815881,0.00192892131815132,1.51712199627584,0.000778447902878463,1.89329816040405e-05,0.0460252368376231,0.000830922604139358
0.0497254359343042,4000,8.2948472424522,-0.00476498005000229,0.000282338977952581,0.299889029522471,0.00194344286532266,1.51485675413113,0.000847287897043769,1.8373970773114e-05,0.0455566218936764,0.000829784725974957
0.0497256423171345,4000,8.3531219112099,-0.00476757629843624,0.000282580996726089,0.297549818451996,0.00191304119094692,1.52507313817478,0.000869007389179517,1.8052331458988e-05,0.0495890378862562,0.000833852701967451
0.0497332346506168,4000,8.27323702733568,-0.00478641907542553,0.00028045537479286,0.308133757087841,0.00195475831482741,1.59391841327475,0.000882350387316427,1.82428757532839e-05,0.0421278985968093,0.000870232626548226
0.0497372869975227,4000,8.27119635832664,-0.0046445474935161,0.000279575520108401,0.29981519748751,0.00195398770628047,1.58253021582239,0.000794613528040283,1.82791936619368e-05,0.0400300336107442,0.000865165786535925
0.0497458416850138,4000,8.30384534335835,-0.00468686893839252,0.000280823226946569,0.303340647439452,0.00193424018833582,1.55719750888857,0.000873034401624123,1.8898321299372e-05,0.0430462888028921,0.000851161934400725
0.0497512698086192,4000,8.30419543397872,-0.0047334482274883,0.000280696676398534,0.299819316338722,0.0019376145758411,1.53752752152538,0.000876467857422405,1.94364396078315e-05,0.0465301169753442,0.000842704740455774
0.0497641240524164,4000,8.36997531283806,-0.00479475999786696,0.000281673334203284,0.295294866186591,0.00190660468355339,1.62171255134218,0.000915690942788268,1.85747848659492e-05,0.0474367238103173,0.000884283693130947
